"totDep","Age","netFamIncome","homeVal","RES","AES","PHON","bad"
"4",71,0,14460,"O","R","1","0"
"2",49,34976,0,"O","P","1","0"
"0",24,30000,0,"N","N","1","0"
"2",39,0,16464,"O","P","1","0"
"0",25,15000,0,"P","P","1","0"
"2",48,57380,0,"O","E","1","0"
"0",31,35884,6464,"O","B","1","0"
"1",47,22300,8928,"O","E","1","0"
"0",38,22220,0,"P","E","1","0"
"0",25,18960,22000,"O","P","1","0"
"2",42,28876,14800,"O","E","1","0"
"0",35,28624,0,"O","V","1","0"
"0",46,23616,54464,"O","P","1","0"
"1",37,37766,0,"O","V","1","0"
"2",36,49412,22000,"O","N","1","0"
"0",28,17729,0,"F","P","1","0"
"1",44,34780,0,"O","P","1","0"
"0",71,24104,52924,"O","R","1","0"
"0",28,26556,29456,"O","B","1","0"
"0",26,4170,0,"P","T","1","0"
"0",59,20000,0,"O","U","1","1"
"0",57,12296,0,"U","P","1","1"
"2",52,20864,0,"O","V","1","0"
"3",59,29864,0,"F","P","1","0"
"2",35,26420,2464,"O","P","1","0"
"2",59,3076,0,"F","P","0","0"
"0",57,32306,24000,"O","P","1","0"
"0",61,61000,3388,"O","P","1","0"
"0",27,17800,0,"F","P","0","0"
"3",48,27361,54460,"O","V","1","0"
"4",45,16524,0,"O","V","1","0"
"0",30,41592,28000,"O","P","1","0"
"0",62,17000,0,"F","V","1","0"
"0",27,25764,0,"P","B","1","0"
"1",31,48948,0,"O","P","1","0"
"0",25,8668,16000,"O","V","0","0"
"2",46,41836,6928,"O","V","1","0"
"0",26,21357,0,"P","V","1","1"
"0",24,15000,0,"P","P","1","1"
"0",45,30000,6784,"O","W","1","0"
"0",22,6189,0,"P","T","1","0"
"2",36,55068,43388,"O","P","1","0"
"4",45,41012,0,"O","E","1","0"
"0",77,37830,0,"U","R","0","0"
"0",32,39980,0,"O","P","1","0"
"0",24,21690,0,"P","P","1","1"
"1",31,29860,0,"O","V","1","0"
"0",22,0,42464,"P","T","1","0"
"0",39,0,34460,"O","R","1","0"
"4",45,20000,0,"F","W","1","0"
"0",59,34170,0,"O","V","1","1"
"0",36,23234,4924,"O","P","1","0"
"0",33,18765,0,"N","P","1","0"
"0",62,0,0,"U","R","1","0"
"3",33,11312,0,"U","E","1","0"
"3",35,61400,928,"O","V","1","0"
"0",22,13400,0,"P","T","0","1"
"0",23,17600,0,"P","T","1","0"
"0",71,12000,30460,"O","R","1","0"
"0",33,52500,0,"P","P","1","0"
"0",55,34212,0,"O","E","1","0"
"0",24,1348,0,"N","M","1","1"
"2",44,41246,0,"O","P","1","0"
"0",31,26631,0,"O","V","1","0"
"0",30,22200,0,"P","P","1","0"
"0",27,12805,0,"N","V","1","0"
"0",24,16500,0,"P","P","1","0"
"1",30,35012,22000,"O","P","1","0"
"1",31,34200,32000,"O","V","1","0"
"0",28,17428,0,"F","P","1","0"
"0",41,42700,0,"O","P","1","0"
"0",29,30126,0,"F","M","0","0"
"0",38,59720,20000,"O","E","1","0"
"2",40,58411,0,"O","V","1","0"
"0",23,0,0,"P","T","1","0"
"0",29,30160,0,"F","M","0","0"
"0",29,20834,0,"U","V","1","0"
"0",53,10480,8924,"O","P","1","0"
"0",26,17520,0,"F","P","1","0"
"0",75,15300,42464,"O","R","1","0"
"0",52,25176,16928,"O","E","1","0"
"0",22,5702,0,"U","T","1","0"
"3",34,23552,0,"U","P","1","0"
"0",66,23325,4924,"O","V","1","0"
"1",45,29321,0,"U","P","1","0"
"0",33,7800,0,"F","E","1","1"
"3",38,44316,40000,"O","P","1","0"
"0",28,60464,0,"N","V","1","0"
"0",47,32112,0,"O","P","1","0"
"0",69,0,0,"O","R","1","0"
"3",51,39036,8928,"O","P","1","0"
"0",27,32020,0,"U","P","1","0"
"0",37,40120,0,"O","P","1","0"
"0",26,24000,0,"P","E","1","0"
"0",55,22660,0,"U","V","1","0"
"0",29,19340,0,"P","P","1","1"
"1",57,25534,21856,"O","V","1","0"
"1",41,36724,20800,"O","P","1","0"
"2",37,37464,0,"O","E","1","0"
"0",35,39460,0,"O","P","1","1"
"0",33,27264,0,"O","V","1","0"
"5",51,0,8928,"O","E","1","0"
"0",28,20507,0,"F","P","1","0"
"3",54,56660,0,"O","V","1","0"
"0",29,24752,0,"P","P","1","1"
"2",47,42920,928,"O","P","1","0"
"0",69,24000,43388,"O","R","1","0"
"0",24,2581,0,"F","P","1","0"
"0",22,14193,0,"P","P","1","0"
"2",65,17408,7712,"O","P","1","0"
"0",32,17600,0,"P","P","1","0"
"1",53,25500,48924,"O","P","1","0"
"0",28,27712,0,"O","P","1","0"
"2",33,61024,14000,"O","M","1","0"
"2",43,25980,12464,"O","E","1","0"
"2",32,24824,12928,"O","E","1","0"
"2",38,34163,0,"O","V","1","0"
"0",48,28440,11200,"O","P","1","0"
"0",24,17392,64000,"O","P","1","0"
"0",51,0,0,"U","V","1","0"
"0",73,16040,0,"F","R","1","0"
"0",30,23704,2000,"O","V","0","0"
"0",25,44800,0,"P","E","1","0"
"0",32,30620,0,"F","B","1","0"
"0",64,9464,17856,"O","E","1","0"
"3",42,40728,0,"O","P","1","0"
"2",45,46214,4464,"O","V","1","0"
"2",36,30300,54464,"O","V","1","1"
"1",28,33000,14460,"O","E","1","1"
"2",48,32540,43392,"O","P","1","1"
"2",42,52000,28928,"O","V","1","0"
"3",44,14944,0,"O","P","1","0"
"0",27,18150,464,"O","P","1","0"
"0",27,23572,0,"P","E","1","0"
"0",25,21000,0,"O","P","1","0"
"0",29,16020,0,"F","P","0","1"
"0",31,30000,0,"P","V","1","0"
"0",29,37500,0,"P","P","1","0"
"0",28,13400,22464,"O","T","1","0"
"2",56,8512,1856,"O","E","1","0"
"0",31,35500,62464,"O","B","1","0"
"0",26,18300,0,"P","P","1","0"
"2",46,13224,4928,"O","P","1","0"
"0",29,32400,0,"P","P","1","0"
"0",77,44600,6780,"O","R","1","0"
"1",61,34952,0,"O","E","1","1"
"2",35,46968,0,"O","E","1","1"
"0",46,29540,4464,"O","V","0","0"
"2",43,0,0,"U","E","1","0"
"0",25,15000,0,"P","P","1","1"
"0",64,15360,0,"O","P","1","1"
"0",43,21612,0,"O","P","1","1"
"1",50,70740,0,"O","V","1","0"
"0",54,16483,0,"U","V","1","0"
"0",27,15836,22464,"O","P","1","1"
"0",64,16936,22460,"O","R","1","0"
"1",53,50288,28064,"O","V","1","1"
"0",55,20760,34464,"O","P","1","0"
"0",26,18252,0,"P","V","1","0"
"0",26,12000,0,"P","P","1","0"
"1",34,50326,0,"O","V","1","0"
"0",34,34116,0,"O","P","1","0"
"3",48,31268,0,"O","P","1","0"
"0",26,26128,0,"P","P","1","0"
"2",59,30772,13392,"O","P","1","0"
"1",29,30695,12000,"O","P","1","1"
"2",43,17600,0,"U","P","1","0"
"0",34,17300,0,"F","P","1","0"
"1",41,30500,38464,"O","P","1","1"
"0",32,17600,0,"O","P","1","0"
"0",71,0,0,"O","R","1","1"
"2",39,31936,0,"O","P","1","0"
"0",21,4329,0,"P","T","1","0"
"1",34,21344,0,"O","P","0","0"
"0",23,10212,0,"P","T","1","0"
"0",61,0,0,"O","E","0","0"
"0",26,15576,0,"O","P","0","0"
"2",38,24732,38464,"O","P","1","0"
"3",42,464,20928,"O","P","1","0"
"0",28,31320,26464,"O","P","1","0"
"0",23,6000,0,"P","T","1","0"
"1",53,32096,0,"U","P","1","0"
"3",37,33840,0,"O","E","1","0"
"0",23,0,0,"P","T","1","0"
"2",52,10919,0,"U","R","1","0"
"1",39,37080,0,"O","P","1","0"
"3",35,23120,20000,"O","P","1","0"
"3",34,53640,0,"U","M","1","0"
"3",38,19500,59996,"O","P","1","0"
"0",25,10156,0,"P","P","1","1"
"2",40,37760,0,"O","M","0","0"
"0",71,20578,0,"U","R","1","0"
"1",47,26640,0,"U","P","1","0"
"2",37,38372,46464,"O","V","1","0"
"0",26,9376,0,"P","P","1","0"
"1",37,51044,0,"O","P","1","0"
"0",24,5344,0,"P","T","1","0"
"0",49,43816,4804,"O","P","1","0"
"4",40,35960,0,"O","P","1","1"
"0",39,9344,0,"U","V","1","0"
"3",53,20464,21244,"O","P","1","0"
"0",34,29068,26000,"O","P","1","1"
"0",63,18000,0,"O","R","1","0"
"0",31,30660,32000,"O","P","1","1"
"0",62,5200,43388,"O","E","1","0"
"1",39,52420,0,"O","P","0","0"
"2",42,56600,0,"O","P","1","0"
"0",32,42420,20928,"O","P","1","1"
"0",61,60000,0,"O","V","1","0"
"2",42,8500,0,"U","P","1","1"
"3",42,24852,0,"F","P","1","0"
"3",38,49900,0,"U","V","1","0"
"1",28,28356,0,"U","V","1","0"
"0",26,16914,0,"F","V","1","0"
"0",40,44753,28464,"O","V","1","0"
"0",60,6240,0,"O","P","1","0"
"0",24,14133,0,"P","P","1","0"
"0",25,15014,0,"P","P","1","0"
"2",35,58844,0,"O","P","1","0"
"1",36,16312,30528,"O","V","1","0"
"0",52,32609,2464,"O","V","1","0"
"0",57,9464,10172,"O","E","0","0"
"0",67,14128,3488,"O","R","1","0"
"2",39,42600,4924,"O","P","1","0"
"3",49,19296,0,"U","P","1","0"
"1",48,16236,0,"U","V","1","0"
"3",36,29788,24064,"O","P","1","0"
"0",59,18538,0,"U","P","1","0"
"0",32,14820,0,"F","V","1","0"
"0",32,33480,0,"P","P","1","0"
"0",51,0,20000,"O","W","1","1"
"0",50,47600,23392,"O","P","1","0"
"2",33,30556,0,"O","V","1","0"
"1",50,50176,0,"O","E","1","0"
"2",52,52796,0,"O","B","1","1"
"0",78,0,0,"U","R","1","0"
"0",26,18756,0,"P","P","1","0"
"3",41,40920,0,"N","P","1","1"
"2",38,22420,34460,"O","E","1","0"
"0",33,35276,28000,"O","V","1","0"
"0",23,5308,0,"F","T","1","0"
"0",32,24464,0,"U","P","1","0"
"0",23,12660,0,"P","P","1","0"
"0",34,23480,64000,"O","P","1","1"
"0",33,22500,0,"P","P","1","0"
"0",50,22200,0,"O","P","1","0"
"0",22,5303,0,"F","T","1","0"
"0",24,6200,0,"P","T","1","0"
"0",26,17419,0,"F","P","1","0"
"1",34,28928,0,"O","P","1","0"
"0",31,33880,28000,"O","P","1","1"
"0",33,59220,2464,"O","P","1","0"
"4",38,46224,28928,"O","P","1","0"
"1",31,13500,12000,"O","V","1","0"
"1",38,11112,0,"O","W","1","0"
"0",26,27600,4000,"O","V","0","0"
"2",45,17608,0,"U","E","1","0"
"0",30,21860,0,"P","B","1","0"
"2",44,42680,27000,"O","E","1","0"
"0",22,8100,0,"P","P","1","0"
"0",29,46480,1000,"O","P","0","0"
"0",63,47293,0,"O","P","1","1"
"1",27,14352,0,"O","E","1","0"
"0",27,12000,0,"P","P","1","0"
"0",23,7500,0,"P","T","1","0"
"0",24,16160,0,"F","P","1","0"
"0",50,60000,3392,"O","B","0","0"
"2",55,19500,44128,"O","P","1","0"
"0",31,14860,0,"N","V","1","1"
"0",30,40260,0,"F","P","1","0"
"0",53,15000,3388,"O","W","1","0"
"0",43,0,0,"N","E","0","0"
"3",46,20508,0,"O","P","1","0"
"0",27,25500,0,"P","V","1","0"
"1",26,15000,22464,"O","P","1","0"
"0",76,9900,54460,"O","R","1","0"
"2",55,30000,54460,"O","E","1","0"
"0",31,44452,28000,"O","P","1","1"
"3",38,31432,28464,"O","P","1","1"
"0",32,21093,48928,"U","P","1","0"
"0",35,17000,0,"U","P","1","0"
"2",35,43396,32000,"O","P","1","0"
"2",35,41106,0,"O","V","1","0"
"0",27,0,0,"F","T","0","0"
"0",27,5102,0,"F","T","1","0"
"0",42,28691,0,"N","V","1","0"
"0",49,28756,0,"O","P","1","0"
"0",25,12825,0,"P","P","1","0"
"0",79,0,0,"N","R","1","0"
"4",41,24836,0,"O","V","1","0"
"0",75,27000,28928,"O","R","1","1"
"1",33,53160,54464,"O","E","1","0"
"0",28,29600,0,"P","B","1","0"
"0",26,5818,0,"F","T","0","0"
"2",42,65000,39100,"O","P","1","0"
"2",53,68520,0,"O","P","1","0"
"0",38,0,0,"O","E","1","1"
"0",24,21112,0,"F","P","1","1"
"0",72,0,0,"F","R","1","1"
"2",32,27534,0,"U","E","1","0"
"0",28,0,0,"P","V","1","1"
"1",27,26488,0,"U","V","0","0"
"3",42,30843,0,"O","V","1","0"
"0",23,0,56928,"P","T","1","0"
"0",34,16820,6464,"O","P","1","0"
"1",51,61420,0,"O","P","1","0"
"0",21,9000,0,"P","V","1","1"
"0",23,6820,0,"F","T","1","0"
"0",39,19598,0,"F","P","1","0"
"2",36,44372,0,"O","V","1","0"
"0",24,19500,0,"N","V","1","0"
"0",45,22200,0,"U","P","0","0"
"0",54,15248,0,"U","V","1","0"
"0",82,47168,48924,"O","R","1","0"
"2",40,50716,0,"O","P","1","0"
"0",27,26220,0,"O","P","1","0"
"3",42,34874,0,"U","P","1","1"
"0",33,20440,0,"U","P","1","0"
"2",41,46101,28928,"O","V","1","0"
"2",44,61760,16928,"O","P","1","0"
"1",30,40680,0,"O","P","1","0"
"1",46,25696,0,"O","V","1","0"
"0",34,18480,0,"N","P","1","0"
"2",46,30880,0,"N","E","1","0"
"3",36,19576,0,"U","E","1","0"
"0",58,0,0,"O","E","1","0"
"0",26,36000,0,"P","V","1","0"
"1",36,35220,0,"O","P","1","0"
"0",28,25028,0,"U","P","0","0"
"0",53,33097,54460,"O","V","1","0"
"3",53,10984,0,"F","M","1","0"
"0",25,21000,0,"P","V","1","0"
"0",81,0,60000,"O","R","1","0"
"0",66,47050,23388,"O","R","1","0"
"2",47,67856,0,"O","E","1","0"
"2",44,6064,0,"O","P","1","0"
"0",26,34800,0,"F","P","0","0"
"0",56,22000,8928,"O","P","1","0"
"2",36,61404,40464,"O","P","1","0"
"2",52,25275,0,"U","P","1","1"
"0",43,19268,0,"U","P","1","1"
"0",21,15000,0,"F","M","1","1"
"0",65,31500,58464,"O","P","1","1"
"0",28,23735,13568,"O","V","1","0"
"0",25,4725,0,"F","T","1","0"
"0",60,40000,0,"O","R","1","0"
"0",42,19552,0,"O","P","1","1"
"0",44,29520,36000,"O","P","1","0"
"0",24,15972,0,"P","P","1","0"
"0",22,6900,0,"P","T","1","0"
"0",29,13000,28924,"O","P","1","1"
"0",58,35103,0,"U","P","1","0"
"0",26,18972,0,"U","P","0","0"
"0",29,25745,0,"P","P","1","0"
"0",52,0,6784,"N","P","0","0"
"1",58,20348,0,"O","P","1","0"
"0",23,0,0,"P","T","1","0"
"0",32,33968,0,"O","P","1","0"
"0",30,33940,0,"F","B","1","0"
"0",55,30852,0,"U","B","1","0"
"0",52,34372,32928,"O","P","1","0"
"0",26,18880,0,"P","P","1","0"
"1",60,34028,0,"U","P","0","1"
"2",53,36908,0,"U","P","1","0"
"1",58,0,0,"F","R","1","1"
"0",33,39500,26000,"O","V","1","0"
"1",69,0,0,"U","R","0","1"
"1",31,17348,0,"U","B","1","0"
"0",69,0,62460,"O","R","1","0"
"0",28,23752,32000,"O","P","1","0"
"0",31,24300,0,"O","V","1","1"
"2",43,20624,0,"O","B","1","1"
"0",27,35040,0,"U","V","1","0"
"0",42,25496,0,"O","P","0","0"
"0",57,30000,8924,"O","R","1","0"
"1",42,3156,48000,"O","P","1","0"
"2",42,17564,8928,"O","P","1","0"
"0",44,31050,0,"U","P","1","1"
"0",48,34199,62464,"O","V","1","1"
"1",35,12464,0,"N","P","0","0"
"0",40,18000,0,"O","E","1","1"
"3",53,63560,36000,"O","V","1","0"
"0",22,9000,0,"P","P","1","0"
"0",64,15928,37852,"O","E","1","0"
"3",52,35680,28464,"O","P","1","0"
"0",45,33124,0,"U","E","1","0"
"0",32,21700,0,"P","P","1","0"
"0",28,30564,25068,"O","P","1","0"
"2",35,37848,16000,"O","P","1","0"
"2",54,0,23264,"O","V","1","1"
"1",25,6426,0,"F","W","0","1"
"3",46,59200,0,"O","P","1","0"
"0",37,42400,0,"O","P","1","0"
"1",39,31880,0,"O","P","1","0"
"0",32,25433,0,"P","V","1","0"
"0",27,19900,0,"P","V","1","0"
"0",21,11962,0,"P","P","1","0"
"2",46,23320,22928,"O","P","1","1"
"2",40,33435,46464,"O","V","1","0"
"1",42,37911,46000,"O","V","1","0"
"1",28,21804,0,"U","P","1","0"
"2",39,15180,0,"P","P","1","0"
"0",31,22200,0,"F","V","1","0"
"0",22,0,0,"N","T","1","0"
"0",25,15000,0,"P","P","1","0"
"0",28,24452,32000,"O","P","1","0"
"1",41,10152,0,"O","P","0","0"
"0",74,0,0,"O","R","1","0"
"0",58,34980,17392,"O","P","1","0"
"0",38,13880,0,"P","P","1","1"
"0",27,19814,0,"O","V","1","1"
"0",65,0,54460,"O","R","1","0"
"0",28,26448,0,"P","P","1","0"
"0",25,9180,0,"N","V","0","0"
"0",74,0,2924,"O","R","1","1"
"0",24,26571,0,"N","P","0","1"
"2",42,9464,15392,"O","P","1","0"
"2",57,1116,0,"O","B","1","0"
"0",41,16500,0,"P","P","0","1"
"0",27,23260,10464,"O","P","1","0"
"0",28,19052,48000,"O","P","0","0"
"1",33,0,0,"O","W","1","0"
"0",30,13096,0,"N","P","1","0"
"0",71,6846,0,"N","R","1","1"
"0",57,22114,0,"O","P","1","0"
"1",46,15000,43388,"O","P","1","0"
"2",31,34516,0,"O","P","0","1"
"0",33,32480,0,"P","M","1","0"
"0",22,0,0,"P","T","1","0"
"0",25,20200,0,"P","P","1","0"
"2",39,20960,50464,"O","P","1","0"
"2",40,33974,0,"O","P","1","0"
"2",43,32116,0,"O","P","1","0"
"1",56,24620,63388,"O","V","0","0"
"0",25,0,0,"F","T","1","0"
"0",60,9464,0,"O","E","1","1"
"1",45,32000,32320,"O","E","1","1"
"0",25,19844,0,"P","P","1","0"
"2",35,17000,0,"O","W","1","0"
"0",36,52720,56000,"O","P","1","0"
"3",42,0,30464,"O","W","1","1"
"1",47,0,10176,"O","W","1","0"
"0",30,15390,0,"P","V","1","0"
"0",34,10500,34464,"F","P","1","0"
"0",66,30000,44928,"O","E","1","1"
"0",34,20612,0,"U","P","1","0"
"0",23,0,0,"P","T","1","0"
"0",29,0,0,"P","T","1","0"
"0",35,17446,0,"F","W","1","0"
"0",27,0,0,"F","U","0","1"
"2",39,39924,44000,"O","V","1","0"
"1",34,32600,0,"U","P","1","0"
"0",22,17739,0,"P","V","1","0"
"1",58,38473,0,"F","B","1","0"
"0",40,42600,0,"O","V","1","0"
"0",27,29532,34464,"O","M","1","0"
"1",37,20935,0,"U","P","1","0"
"0",43,32720,10464,"O","P","1","0"
"2",36,28572,44000,"O","P","1","0"
"0",25,16860,0,"N","V","0","0"
"1",44,9648,0,"P","V","1","0"
"0",29,25228,0,"N","P","1","1"
"2",38,11708,11232,"O","V","1","0"
"0",67,22500,34460,"O","P","1","0"
"0",23,0,0,"N","T","1","0"
"0",29,23768,0,"O","P","1","0"
"0",64,6885,34460,"O","R","1","0"
"1",28,50200,54464,"O","P","1","0"
"1",34,42247,0,"O","V","1","0"
"0",29,54200,20000,"O","V","1","0"
"0",39,25766,28928,"P","E","1","0"
"0",31,25840,0,"U","E","1","0"
"0",24,28560,0,"P","P","1","0"
"2",40,21572,8928,"O","P","1","0"
"0",23,14400,0,"N","M","1","1"
"0",25,20640,0,"P","P","1","0"
"0",73,18000,17852,"O","R","1","1"
"2",40,20388,0,"U","P","1","0"
"0",33,35400,0,"O","V","1","0"
"0",36,32800,0,"F","V","1","1"
"0",48,44060,26464,"O","P","1","0"
"0",47,15762,0,"N","P","1","0"
"0",61,25000,7392,"O","V","1","0"
"0",79,15000,28460,"O","R","1","1"
"1",29,0,0,"P","E","1","1"
"0",23,7290,0,"P","P","1","0"
"0",69,0,8924,"O","R","1","1"
"0",23,19635,0,"P","P","1","0"
"1",52,22160,0,"U","P","1","1"
"0",55,27308,26464,"O","P","1","0"
"0",26,23304,34464,"O","P","1","1"
"0",28,31372,0,"P","P","1","0"
"0",27,27000,0,"F","P","1","0"
"1",53,16100,37852,"O","P","1","0"
"0",58,0,0,"U","Z","1","0"
"0",26,0,0,"P","T","1","0"
"0",54,0,17852,"O","W","1","1"
"0",74,0,0,"N","R","0","1"
"2",50,30000,0,"O","E","1","0"
"0",62,31132,0,"O","E","1","1"
"0",61,56308,24928,"O","V","1","0"
"0",27,23180,0,"P","P","1","0"
"3",47,33900,0,"U","P","1","0"
"2",66,3884,37852,"O","V","1","0"
"2",42,47100,14464,"O","V","1","0"
"0",80,20250,17852,"O","R","1","1"
"0",62,26680,23392,"O","P","1","0"
"3",44,29000,2464,"O","P","1","0"
"0",68,14000,8928,"O","R","1","1"
"0",40,15280,0,"O","E","1","1"
"0",37,58920,0,"O","P","1","0"
"0",27,24000,0,"P","P","1","0"
"0",75,15000,48924,"O","R","1","0"
"0",27,29420,0,"P","P","1","0"
"1",44,31700,0,"O","E","1","1"
"0",47,8952,0,"F","V","1","0"
"0",22,0,0,"P","P","1","0"
"2",44,58976,8928,"O","P","1","1"
"1",40,52912,0,"O","V","1","1"
"3",46,48327,0,"O","V","1","0"
"1",56,37704,0,"U","V","1","0"
"0",46,47112,3392,"O","P","1","0"
"0",30,36840,0,"F","V","1","0"
"0",31,43460,0,"O","P","1","1"
"0",29,18700,0,"N","P","1","0"
"0",22,13408,0,"P","P","1","0"
"0",65,55794,43388,"O","P","1","0"
"0",22,8112,0,"P","P","1","1"
"0",34,15120,0,"F","P","1","0"
"0",66,13500,8924,"O","Z","1","1"
"0",49,17421,0,"U","P","1","0"
"0",25,25020,0,"F","P","1","0"
"0",48,12000,0,"P","P","0","1"
"0",29,26396,50464,"O","P","1","0"
"2",51,14920,43388,"O","W","1","1"
"0",64,10132,0,"U","R","1","1"
"0",26,30870,0,"P","V","1","0"
"0",59,40500,14464,"O","V","1","0"
"2",30,27576,14464,"O","V","1","1"
"0",24,13180,0,"P","P","1","0"
"0",81,0,0,"O","R","1","0"
"0",23,0,0,"P","T","1","0"
"0",62,14400,62464,"O","P","1","0"
"0",79,23162,46460,"O","R","1","0"
"1",43,26036,0,"U","P","1","0"
"0",27,22460,0,"F","V","1","0"
"0",25,16500,0,"P","V","1","0"
"2",35,24736,0,"O","P","1","1"
"0",49,37040,0,"O","V","1","0"
"0",28,17601,16000,"O","V","0","0"
"0",28,23859,0,"P","V","0","0"
"0",55,28480,0,"U","P","1","0"
"0",28,32129,3400,"O","V","1","0"
"0",23,12300,0,"P","P","1","0"
"0",30,48340,0,"O","V","1","0"
"1",32,23000,8928,"O","N","0","1"
"0",63,584,0,"F","R","1","1"
"1",48,25076,0,"O","E","1","1"
"0",60,16932,31200,"O","E","1","1"
"0",32,26768,0,"P","P","1","0"
"3",52,20016,28928,"O","P","1","0"
"0",27,19500,0,"F","V","1","0"
"1",30,22760,18000,"O","P","1","0"
"0",57,65000,14464,"O","V","1","0"
"0",58,16200,0,"P","R","1","0"
"0",23,19347,0,"P","P","1","0"
"0",22,5400,0,"P","T","1","1"
"0",29,42948,12000,"O","P","1","0"
"1",36,51788,0,"O","P","1","0"
"3",50,9014,0,"O","V","1","0"
"2",43,19500,0,"U","P","1","0"
"1",45,43712,0,"O","V","1","0"
"0",72,26760,0,"O","E","1","0"
"0",28,22380,0,"F","P","0","1"
"0",24,0,0,"N","T","0","1"
"2",40,46352,1664,"O","V","1","0"
"0",63,0,23388,"O","R","1","1"
"0",26,21780,0,"N","P","1","0"
"0",30,19404,0,"P","V","0","0"
"0",31,30699,0,"P","V","1","0"
"3",42,14336,0,"O","P","1","0"
"0",60,12000,0,"U","V","1","0"
"2",44,34304,28928,"O","B","1","0"
"0",30,14240,0,"P","U","0","0"
"0",28,15000,0,"P","P","1","0"
"0",22,0,0,"P","T","1","0"
"0",61,33088,12928,"O","P","1","0"
"0",48,28828,20928,"O","E","1","0"
"4",41,15320,0,"O","W","1","0"
"2",44,63580,8928,"O","P","1","0"
"0",36,59592,0,"U","E","1","0"
"0",25,17712,0,"U","V","0","0"
"0",52,27000,0,"U","P","1","1"
"0",26,36000,0,"P","V","1","0"
"0",30,24980,0,"F","B","1","1"
"0",32,41320,29200,"O","P","1","0"
"0",23,12137,0,"P","V","1","0"
"1",55,25454,0,"U","P","1","0"
"0",25,26080,0,"F","V","1","0"
"4",41,31500,28928,"O","P","1","0"
"0",27,20360,0,"P","P","1","0"
"0",79,0,12924,"O","R","1","1"
"0",48,18876,0,"O","V","1","0"
"0",61,55529,2928,"O","P","1","0"
"0",21,0,0,"P","T","1","1"
"3",36,37856,28028,"O","E","1","0"
"0",72,18592,46460,"O","R","1","0"
"2",33,26480,0,"U","P","1","0"
"0",41,45860,44000,"O","V","1","0"
"2",72,0,17856,"O","R","1","0"
"0",44,42860,30464,"O","E","1","0"
"1",28,9360,0,"O","E","1","1"
"0",26,0,0,"P","P","1","0"
"0",63,20272,35464,"O","P","1","0"
"2",49,34260,0,"O","P","1","0"
"0",35,42320,0,"O","V","1","0"
"0",50,30000,0,"O","W","1","0"
"0",53,54464,6780,"O","P","1","0"
"0",60,29948,34460,"O","P","1","1"
"0",24,0,0,"P","T","1","1"
"0",26,19258,0,"P","B","1","0"
"2",32,0,0,"U","W","1","1"
"1",60,26860,0,"O","P","1","1"
"0",23,6024,10000,"P","P","1","1"
"1",50,16420,0,"U","P","1","0"
"0",68,60700,56892,"O","E","1","1"
"0",27,14360,0,"P","P","1","1"
"0",21,14960,0,"P","P","1","0"
"0",61,15000,6784,"O","V","1","0"
"0",55,18000,0,"P","E","1","0"
"3",34,35304,26000,"O","E","1","1"
"1",44,10850,0,"U","W","1","0"
"0",26,0,0,"P","E","1","1"
"1",49,36008,0,"U","P","1","1"
"0",35,46562,0,"F","P","1","0"
"0",39,53531,0,"O","P","1","0"
"0",22,7120,0,"P","P","1","1"
"0",37,57472,0,"O","V","1","0"
"0",21,7488,0,"P","P","1","0"
"0",27,18000,0,"P","V","1","0"
"0",38,44256,0,"O","P","1","0"
"0",38,43900,52928,"O","P","1","0"
"0",31,29092,60464,"O","M","0","0"
"0",56,32132,0,"U","P","1","0"
"0",32,8996,34000,"O","W","1","0"
"0",22,15900,0,"P","V","1","0"
"1",48,19164,0,"U","M","1","0"
"3",39,49892,7392,"O","P","1","0"
"0",52,47600,20924,"O","V","1","0"
"0",24,21848,0,"F","P","1","0"
"1",37,8464,3392,"O","P","1","0"
"0",76,0,0,"U","R","1","1"
"0",34,32080,0,"P","V","1","1"
"2",35,30540,6464,"O","V","1","0"
"0",72,0,14460,"O","R","0","1"
"0",28,21000,0,"P","P","1","0"
"0",82,0,0,"U","R","1","1"
"0",30,0,0,"P","T","1","1"
"2",29,16500,0,"N","P","1","1"
"0",24,5840,0,"P","T","1","0"
"0",72,26000,3392,"O","R","1","0"
"1",28,19112,0,"F","P","1","0"
"0",26,19620,0,"F","P","0","1"
"2",50,64432,0,"O","V","1","1"
"0",25,5138,0,"P","T","1","0"
"0",24,13496,0,"F","P","0","0"
"0",29,32176,14400,"O","P","1","0"
"1",48,15120,0,"O","E","1","1"
"0",62,0,0,"N","R","1","0"
"0",34,24348,0,"U","P","1","0"
"0",35,29440,0,"F","P","1","0"
"0",68,43600,0,"O","R","1","0"
"1",49,0,0,"U","E","1","1"
"2",39,25432,0,"O","P","1","1"
"1",35,8064,40000,"O","E","1","1"
"1",53,11788,12000,"O","M","1","0"
"0",48,40230,14464,"O","P","1","1"
"0",28,35426,4600,"O","V","1","0"
"0",29,45580,16000,"O","P","1","0"
"3",47,22384,0,"U","P","1","1"
"2",32,44200,0,"O","B","1","0"
"3",48,25388,0,"O","B","1","1"
"0",24,0,0,"P","E","1","0"
"0",30,19323,0,"N","V","0","1"
"0",28,14660,0,"P","P","1","0"
"0",34,18000,0,"P","E","1","1"
"2",49,26264,0,"U","P","1","0"
"0",27,14560,0,"P","E","1","0"
"0",24,16890,0,"P","P","1","0"
"0",26,23940,0,"P","P","1","1"
"0",38,46244,0,"O","V","1","0"
"2",47,55740,4928,"O","P","1","0"
"1",80,22500,6924,"O","R","1","0"
"0",23,13204,0,"P","P","1","1"
"0",29,19100,0,"P","P","1","0"
"0",31,9464,0,"F","P","1","0"
"2",38,9264,0,"O","P","1","0"
"1",33,0,32928,"O","W","1","1"
"0",87,0,28924,"O","R","1","1"
"1",33,16200,0,"O","P","1","0"
"0",67,60000,0,"N","P","1","0"
"2",28,19440,2000,"O","E","1","1"
"0",23,5400,0,"P","T","1","1"
"0",32,63180,44928,"O","P","1","0"
"0",63,10192,8924,"O","W","1","1"
"1",33,26624,0,"U","P","0","0"
"2",34,53380,0,"O","P","1","0"
"0",30,29200,0,"P","P","1","0"
"0",27,30660,5000,"O","P","1","0"
"0",27,19643,0,"F","V","1","1"
"0",75,39000,48924,"O","R","1","1"
"0",21,0,0,"P","T","1","0"
"2",38,49516,30464,"O","P","1","0"
"0",26,19538,0,"F","V","1","0"
"0",40,15588,0,"O","V","1","0"
"1",48,20000,0,"N","W","1","0"
"2",41,37272,0,"O","E","1","0"
"0",27,0,0,"P","U","1","0"
"2",28,32120,0,"U","V","0","0"
"0",27,42680,20000,"O","E","1","0"
"0",27,19700,0,"P","P","1","0"
"0",78,0,54460,"O","R","1","1"
"0",43,11060,0,"O","P","1","1"
"3",42,8464,0,"F","P","1","0"
"1",71,0,0,"O","R","1","0"
"0",31,37420,30464,"O","P","1","0"
"0",66,9863,0,"U","V","1","0"
"0",25,17200,0,"F","P","1","0"
"0",43,14656,0,"O","V","1","0"
"0",23,11640,0,"P","P","1","0"
"0",56,0,4464,"O","P","1","1"
"0",30,29792,0,"O","V","1","1"
"1",50,35932,20000,"O","E","1","1"
"0",21,5400,0,"P","T","1","1"
"0",72,0,0,"U","R","1","1"
"2",39,30960,0,"O","P","1","0"
"0",31,17732,0,"O","P","1","1"
"0",28,30000,0,"P","P","1","0"
"0",54,37904,12320,"O","V","1","0"
"0",23,18316,0,"F","P","1","0"
"0",26,22020,0,"F","V","1","0"
"3",37,22160,28000,"O","P","1","0"
"0",59,0,0,"P","V","1","1"
"0",51,22820,0,"U","V","1","0"
"2",43,44556,0,"O","P","0","0"
"0",26,20576,0,"F","P","0","0"
"0",71,0,0,"U","R","1","0"
"5",49,60000,0,"O","N","1","0"
"2",39,43894,6464,"O","P","1","0"
"0",60,13800,17856,"O","P","1","0"
"2",36,0,0,"U","W","1","1"
"0",32,24604,0,"F","V","1","0"
"0",31,38000,28928,"O","V","1","1"
"0",38,27575,48464,"O","P","1","0"
"0",31,25350,0,"P","P","1","0"
"2",49,36940,1392,"O","V","1","0"
"1",51,55520,0,"O","P","1","0"
"0",72,8242,0,"U","R","0","0"
"2",33,23000,0,"O","W","1","0"
"2",47,50440,23388,"O","V","1","0"
"2",40,36000,48928,"O","E","1","0"
"0",57,17752,0,"U","R","1","0"
"0",23,12516,0,"P","P","1","0"
"0",21,13500,38460,"O","P","0","1"
"1",28,36012,28928,"U","V","1","0"
"2",48,0,0,"U","E","1","0"
"0",22,0,0,"P","T","0","0"
"0",59,20076,0,"U","P","1","1"
"0",42,34891,2464,"O","P","1","1"
"0",39,43112,22464,"O","M","1","0"
"2",30,3820,0,"O","W","1","0"
"2",64,10000,21852,"O","W","1","1"
"0",57,15990,0,"U","P","1","1"
"0",60,13140,28928,"O","R","1","1"
"0",22,23240,0,"F","V","0","1"
"0",21,0,0,"P","T","1","0"
"0",24,11232,0,"P","P","1","0"
"0",39,0,0,"N","Z","0","1"
"0",26,0,0,"F","T","1","1"
"2",56,11520,14460,"O","E","1","1"
"0",50,31432,26464,"O","P","1","1"
"2",46,15000,35388,"O","E","1","0"
"0",24,26406,0,"P","P","1","0"
"0",56,0,0,"N","Z","1","1"
"0",30,24000,48924,"O","N","0","0"
"2",32,24000,0,"O","E","1","1"
"0",22,14360,0,"P","P","1","0"
"0",22,0,0,"F","T","1","0"
"0",34,0,0,"U","N","1","0"
"0",66,60000,32316,"N","R","1","1"
"0",60,33404,32280,"O","V","1","0"
"0",78,0,14460,"O","R","1","1"
"0",69,54000,43388,"O","E","1","0"
"0",21,0,0,"P","T","1","1"
"0",28,11892,0,"P","P","1","0"
"0",22,0,0,"P","T","1","0"
"0",44,21288,0,"O","E","1","0"
"3",44,35536,0,"U","V","1","1"
"0",76,0,0,"O","R","1","0"
"0",57,4169,0,"U","E","1","0"
"3",50,45000,0,"O","V","1","1"
"0",81,0,43388,"O","R","0","1"
"2",38,24304,0,"O","P","1","0"
"0",29,19976,0,"U","P","1","0"
"0",36,22980,12928,"O","P","1","1"
"1",36,32020,4000,"O","P","1","0"
"0",47,36640,18464,"O","P","1","0"
"0",26,24007,0,"P","V","1","0"
"0",24,0,46784,"P","U","1","1"
"0",28,24276,0,"P","P","1","0"
"0",21,0,0,"P","T","1","0"
"2",35,0,0,"N","P","1","1"
"2",38,33971,0,"O","P","1","0"
"0",39,0,0,"U","R","1","1"
"0",38,47200,0,"O","P","1","0"
"2",32,37223,0,"O","P","1","0"
"0",53,50016,6464,"O","E","1","0"
"0",23,0,0,"N","T","1","0"
"3",51,42860,20928,"O","V","1","1"
"0",64,62850,48924,"O","R","1","0"
"0",33,52353,0,"P","P","1","0"
"0",22,13416,0,"P","P","0","1"
"0",30,42025,0,"F","P","0","0"
"2",41,0,0,"U","W","1","0"
"0",34,8024,22464,"O","E","1","0"
"1",44,17128,0,"O","P","1","0"
"0",24,0,0,"P","T","1","1"
"0",22,0,0,"P","T","1","0"
"0",51,30896,0,"O","V","1","1"
"0",61,31268,0,"O","E","1","0"
"0",21,0,0,"P","T","1","1"
"2",41,47980,0,"O","P","1","0"
"0",47,0,0,"O","E","0","0"
"3",39,25553,0,"N","P","0","1"
"0",68,17100,0,"O","R","1","1"
"2",49,33000,0,"O","V","1","1"
"1",29,41428,0,"O","V","1","0"
"2",40,47680,14464,"O","V","1","1"
"0",24,12900,0,"P","P","1","0"
"3",31,24000,0,"U","P","1","1"
"0",38,40916,3392,"O","V","1","0"
"2",38,49854,0,"O","P","1","0"
"1",51,73264,6944,"O","W","1","0"
"0",21,0,0,"P","T","1","1"
"0",21,6262,0,"P","T","1","0"
"1",30,30140,19300,"O","P","1","0"
"0",32,44300,23392,"O","P","1","0"
"1",28,24427,0,"U","P","1","0"
"0",35,18136,0,"O","V","1","0"
"0",23,16929,0,"P","M","1","0"
"1",38,7864,14464,"O","P","1","0"
"2",32,18000,0,"P","E","1","1"
"0",60,31302,0,"O","P","1","0"
"0",21,0,0,"P","T","1","0"
"0",35,24468,32000,"O","V","1","0"
"0",33,17128,0,"O","P","1","0"
"0",44,29280,0,"O","P","1","1"
"0",30,27000,0,"P","P","1","0"
"0",34,0,0,"U","P","1","0"
"0",27,19145,0,"F","V","1","0"
"0",21,0,0,"F","T","0","1"
"0",70,18550,0,"U","P","1","0"
"2",33,16448,0,"P","P","1","0"
"0",23,6300,0,"P","T","1","0"
"0",23,23668,0,"N","M","0","0"
"1",64,30000,8928,"O","R","1","0"
"0",26,22300,0,"P","V","1","0"
"0",23,19116,0,"P","P","1","0"
"0",37,17080,0,"F","E","1","0"
"0",25,5909,0,"F","T","1","0"
"1",22,0,0,"P","T","1","0"
"0",23,14892,0,"P","P","1","1"
"0",33,29248,12000,"O","P","1","0"
"0",31,34412,0,"O","V","1","0"
"4",44,47160,0,"O","P","1","0"
"2",60,4264,0,"O","R","1","0"
"2",41,0,0,"O","W","1","0"
"0",21,0,0,"P","T","1","1"
"0",21,0,0,"P","T","1","1"
"1",56,34320,19392,"O","W","1","0"
"0",32,9788,36000,"O","P","1","0"
"3",37,27426,2464,"O","V","1","0"
"2",38,32284,0,"U","P","1","1"
"3",41,23552,0,"U","P","1","0"
"0",22,0,0,"P","T","1","1"
"0",37,45000,0,"N","P","0","0"
"2",77,38120,54460,"O","R","1","1"
"2",40,82600,41248,"O","V","1","0"
"0",22,16691,0,"U","B","0","0"
"0",35,12100,0,"P","P","0","1"
"0",21,0,0,"P","T","1","1"
"1",38,0,0,"N","P","1","1"
"0",49,42000,13568,"O","E","1","0"
"0",35,20660,0,"O","E","1","0"
"0",50,39188,4928,"O","V","1","0"
"0",25,28040,14000,"O","V","1","0"
"0",71,0,0,"U","R","1","1"
"0",24,5368,0,"P","T","1","1"
"0",32,0,0,"F","T","1","1"
"0",23,5745,0,"P","T","1","0"
"0",31,47240,32000,"O","E","1","0"
"0",64,12914,15464,"O","R","1","0"
"2",40,43384,2464,"O","P","1","0"
"0",25,19919,0,"U","V","1","0"
"1",34,51380,2464,"O","B","1","0"
"0",24,15000,48928,"F","P","1","0"
"0",22,0,0,"P","T","1","0"
"5",37,19760,0,"U","E","1","0"
"2",46,63600,0,"O","M","1","1"
"2",39,0,0,"O","P","1","1"
"2",29,0,0,"O","W","1","1"
"0",50,0,28924,"O","U","0","0"
"0",31,0,0,"P","T","1","1"
"0",26,0,0,"P","T","1","0"
"2",80,0,0,"U","R","1","1"
"0",26,28100,0,"P","P","1","0"
"0",64,17040,0,"O","R","1","1"
"0",27,12206,4928,"P","P","1","0"
"4",38,21888,10464,"O","P","1","1"
"0",21,9980,0,"P","P","0","0"
"0",25,16850,0,"F","P","1","0"
"0",24,15688,1000,"O","P","0","1"
"0",31,29880,0,"P","E","1","0"
"0",31,42920,14464,"O","P","1","0"
"0",24,18907,0,"P","V","1","0"
"0",60,25160,0,"O","B","1","1"
"3",27,0,0,"U","M","1","1"
"0",25,0,0,"P","T","1","0"
"3",38,41088,0,"O","P","1","0"
"0",26,21780,0,"P","V","1","1"
"0",24,21365,0,"F","P","1","0"
"0",30,13260,0,"F","T","1","0"
"0",23,16500,0,"P","P","1","0"
"0",27,17656,0,"F","P","0","1"
"0",26,0,0,"F","T","1","0"
"0",22,9000,0,"P","T","1","0"
"0",22,16460,0,"P","P","1","0"
"2",33,26140,34464,"O","P","1","0"
"0",21,10500,0,"P","T","1","0"
"3",36,30880,0,"U","P","1","0"
"0",35,27000,34464,"O","B","1","1"
"0",22,0,0,"P","P","1","0"
"0",31,18928,15792,"O","E","1","0"
"0",61,15600,26460,"O","V","1","1"
"0",32,30000,0,"P","E","1","0"
"0",36,20507,24000,"O","P","1","0"
"3",43,20752,0,"O","V","0","1"
"0",24,4350,0,"F","T","1","1"
"0",79,0,0,"N","Z","1","1"
"1",28,39990,12000,"O","V","1","0"
"0",24,5425,0,"P","T","1","0"
"4",44,30000,0,"O","E","1","0"
"3",34,36944,0,"U","V","1","1"
"0",35,30328,36000,"O","V","1","1"
"0",25,8020,0,"F","T","1","0"
"0",55,13500,0,"U","P","1","0"
"0",21,0,0,"P","T","1","1"
"0",21,7020,0,"P","T","1","1"
"0",25,18750,0,"F","P","1","0"
"0",23,0,0,"F","T","0","0"
"0",25,0,0,"N","T","0","1"
"0",25,22057,0,"P","P","1","0"
"2",46,44000,0,"O","P","1","0"
"0",27,20876,0,"F","V","0","0"
"0",33,20300,2464,"O","P","0","0"
"0",71,0,0,"U","R","1","1"
"2",45,37768,20320,"O","P","1","0"
"0",31,28500,0,"P","P","1","0"
"0",72,9198,0,"U","R","1","0"
"0",63,2824,0,"O","E","1","0"
"0",22,5584,0,"F","T","1","0"
"0",22,0,0,"F","T","1","0"
"0",21,0,0,"F","T","1","1"
"2",37,26508,0,"U","E","1","0"
"0",23,10500,0,"P","P","1","0"
"0",24,0,0,"P","T","0","0"
"0",22,0,0,"N","T","0","0"
"0",39,56496,62464,"O","P","1","0"
"0",22,0,0,"P","T","1","1"
"0",21,0,0,"F","T","1","1"
"0",24,25200,0,"U","P","1","0"
"0",32,21900,0,"P","V","1","0"
"0",40,46000,0,"O","V","1","0"
"0",29,28500,0,"U","P","1","0"
"0",24,882,0,"F","T","0","0"
"0",57,37026,0,"U","P","1","0"
"2",43,24216,14000,"O","E","1","0"
"0",39,0,0,"N","Z","0","0"
"0",83,12000,0,"N","R","1","1"
"2",40,11000,0,"F","V","0","1"
"0",22,6066,0,"F","T","1","1"
"3",34,32452,0,"U","P","1","1"
"0",82,0,0,"N","R","1","1"
"2",46,51726,8928,"O","P","1","0"
"0",25,25500,0,"P","P","1","0"
"0",21,5916,0,"N","T","1","1"
"1",23,21222,0,"U","P","0","0"
"0",23,5100,0,"P","T","1","0"
"0",28,6000,0,"F","T","0","0"
"2",47,21942,0,"O","V","1","0"
"1",53,50460,40928,"O","P","1","0"
"3",30,13221,0,"P","T","0","0"
"0",27,36040,0,"P","P","1","0"
"0",68,0,37852,"O","R","1","1"
"0",71,7044,0,"F","R","1","1"
"1",58,36988,0,"O","P","1","1"
"0",29,27310,3200,"O","P","1","1"
"0",64,0,0,"N","R","0","1"
"5",51,43045,24928,"O","B","1","0"
"1",44,44820,0,"O","V","1","1"
"0",26,30600,32000,"O","V","1","0"
"0",55,31163,0,"O","P","1","0"
"0",28,0,0,"U","P","1","0"
"0",25,16303,0,"F","P","1","0"
"0",33,24000,34464,"O","P","1","0"
"2",35,45936,0,"O","E","1","0"
"0",58,22500,54784,"O","R","1","0"
"0",83,0,0,"O","R","1","1"
"0",24,25340,0,"F","P","1","0"
"0",28,59200,0,"F","P","1","0"
"2",41,35072,0,"O","E","1","1"
"0",72,14000,28924,"O","R","1","1"
"0",33,24000,0,"O","E","1","1"
"0",37,40136,20000,"O","P","1","1"
"0",22,0,0,"U","T","1","0"
"1",31,15860,44400,"O","P","1","1"
"2",38,6520,0,"O","W","1","1"
"0",27,29736,0,"N","M","1","1"
"2",39,23498,14464,"O","P","1","1"
"0",65,36000,28924,"O","P","1","1"
"2",35,57460,0,"O","V","1","0"
"2",43,11480,0,"O","W","1","0"
"0",21,4326,0,"P","T","1","0"
"2",35,8700,0,"O","V","1","0"
"2",53,43746,32928,"O","V","1","0"
"0",33,40480,44000,"O","P","1","1"
"0",63,12000,32316,"O","R","1","1"
"0",57,43084,28924,"O","P","1","0"
"0",64,0,0,"U","W","1","1"
"0",22,5859,0,"N","T","1","1"
"0",21,0,0,"P","T","1","0"
"0",21,0,0,"F","T","0","1"
"0",21,0,0,"P","T","1","0"
"1",24,0,0,"F","P","1","0"
"0",25,9495,0,"N","V","1","0"
"2",54,58480,0,"O","P","1","0"
"0",26,17820,0,"P","P","1","0"
"0",25,0,0,"P","U","1","0"
"0",52,23392,14460,"N","P","1","1"
"2",41,6760,0,"O","P","1","1"
"0",32,40888,6000,"O","P","1","0"
"0",29,27726,0,"P","V","1","1"
"0",34,36932,28000,"O","E","1","0"
"0",43,16662,0,"P","B","1","1"
"0",23,4500,0,"F","T","1","1"
"0",34,53680,0,"U","E","1","0"
"0",21,0,0,"P","T","0","1"
"0",28,17565,0,"P","V","1","1"
"1",33,32616,0,"O","P","0","0"
"4",40,20520,0,"F","T","1","0"
"2",43,35164,28928,"O","V","1","0"
"2",41,14300,0,"F","P","1","1"
"0",34,21190,16000,"O","V","0","0"
"0",70,0,0,"U","R","1","0"
"4",41,4896,14464,"O","P","1","0"
"1",29,19702,0,"O","V","1","0"
"0",21,5405,0,"P","T","1","1"
"2",47,22384,28464,"O","P","1","0"
"0",79,13500,0,"O","R","0","0"
"0",27,30712,0,"U","P","1","0"
"2",45,38203,28928,"O","V","1","0"
"0",21,5759,0,"P","T","1","1"
"0",24,0,0,"F","T","0","0"
"0",29,29600,0,"F","P","1","0"
"2",46,55568,10464,"O","P","1","1"
"0",22,11760,0,"P","P","1","1"
"0",43,26476,0,"O","V","1","1"
"2",35,29744,48924,"O","E","1","0"
"1",57,58340,23388,"O","V","1","0"
"1",46,29200,46784,"O","E","1","1"
"1",44,50192,19392,"O","P","0","0"
"0",57,0,20928,"O","W","1","1"
"0",21,0,0,"P","T","0","0"
"1",54,16288,0,"F","P","1","0"
"0",83,0,14460,"O","R","1","0"
"0",29,12960,0,"P","P","1","0"
"0",25,10676,0,"O","T","1","0"
"0",32,23320,0,"O","P","1","1"
"2",32,38676,0,"F","P","1","0"
"0",54,14468,0,"O","P","1","0"
"0",26,0,0,"P","T","1","0"
"0",22,17334,0,"P","P","1","0"
"1",28,22520,0,"F","M","0","0"
"0",27,36692,19608,"O","V","1","0"
"1",35,31680,0,"N","P","1","0"
"0",30,21900,0,"O","V","1","1"
"3",37,40840,0,"O","P","1","0"
"1",51,27184,0,"O","E","1","0"
"1",41,55280,0,"O","P","1","0"
"0",31,25620,0,"P","P","1","0"
"0",39,20940,0,"N","Z","1","0"
"1",69,20000,32316,"O","W","1","0"
"5",39,27945,0,"U","P","1","0"
"0",21,0,0,"P","V","1","1"
"0",26,20208,0,"U","V","1","0"
"2",37,30672,6464,"O","P","1","0"
"3",39,17640,0,"N","V","1","0"
"1",35,36920,0,"O","B","1","0"
"0",25,19500,0,"P","P","1","0"
"2",43,18900,0,"U","P","1","0"
"0",22,12444,0,"F","P","1","0"
"2",37,19312,0,"U","V","1","0"
"0",22,10600,0,"P","P","1","1"
"2",38,25552,0,"U","V","1","0"
"0",21,0,0,"P","T","1","0"
"1",50,18464,0,"O","E","1","0"
"0",49,29084,0,"U","P","1","0"
"0",32,21596,12000,"O","P","1","1"
"0",26,21140,9600,"O","P","0","0"
"0",32,7440,0,"U","V","0","0"
"0",29,0,0,"F","P","1","1"
"0",27,22096,0,"O","P","0","1"
"3",44,39320,0,"O","V","1","0"
"0",33,48280,18464,"O","P","1","1"
"0",22,13162,0,"P","P","1","0"
"0",27,24908,0,"U","P","1","1"
"0",36,5714,0,"O","P","1","1"
"0",31,5520,0,"F","T","1","1"
"0",31,0,0,"N","U","0","1"
"2",34,36800,0,"O","P","1","0"
"2",36,50712,16000,"O","V","1","0"
"0",24,9000,0,"P","E","1","0"
"0",23,14217,0,"U","V","1","0"
"0",47,23944,36464,"O","V","1","1"
"0",21,0,20924,"O","T","1","0"
"1",32,45732,6000,"O","V","1","0"
"0",60,11900,22460,"O","V","1","0"
"0",72,0,0,"N","R","1","1"
"0",23,4280,0,"F","T","1","0"
"0",21,5628,0,"F","T","0","0"
"0",59,0,0,"U","P","1","0"
"0",26,25370,34464,"O","P","0","0"
"0",35,18745,34464,"O","P","1","1"
"2",38,42000,52000,"O","P","1","0"
"2",61,0,0,"O","E","1","1"
"0",35,50376,0,"P","P","1","0"
"1",40,5712,18464,"O","P","1","1"
"1",45,41120,30784,"O","P","1","1"
"0",67,15000,32316,"O","R","1","0"
"0",33,26672,0,"U","E","1","1"
"0",24,5303,0,"F","T","1","0"
"0",27,18640,0,"P","P","1","0"
"1",23,18832,0,"U","B","0","0"
"1",35,12000,0,"U","P","1","1"
"0",38,45436,46464,"O","V","1","0"
"3",60,0,10780,"O","R","1","0"
"4",40,41180,0,"O","B","1","0"
"0",31,24356,0,"O","P","1","0"
"1",48,30600,0,"O","P","1","1"
"0",24,19131,0,"P","V","1","0"
"3",42,0,0,"O","E","1","1"
"0",24,0,0,"F","T","1","0"
"0",21,9360,0,"P","P","1","1"
"0",51,26512,0,"U","V","1","0"
"3",48,0,0,"N","Z","1","0"
"0",32,35820,0,"F","V","1","0"
"1",31,17464,0,"U","P","0","0"
"2",36,28624,4500,"O","B","0","1"
"0",37,17700,0,"N","E","1","0"
"2",41,31626,6464,"O","P","1","0"
"0",21,4296,0,"P","T","1","0"
"0",21,12000,0,"P","T","1","0"
"0",52,15860,0,"U","R","1","0"
"3",62,44240,0,"O","V","1","1"
"0",50,9645,0,"N","P","1","1"
"0",33,28960,2000,"O","P","1","0"
"1",33,29616,12000,"O","P","1","0"
"0",34,46382,62464,"O","V","1","0"
"0",26,26040,0,"F","P","1","0"
"2",42,38600,14464,"O","M","1","0"
"0",39,0,0,"N","R","0","1"
"0",46,46492,0,"O","P","1","0"
"0",37,928,43388,"O","E","1","0"
"1",33,32641,0,"O","V","1","1"
"1",46,6692,0,"U","W","1","1"
"3",51,43200,0,"O","E","1","1"
"0",22,12000,0,"U","E","1","0"
"1",45,0,44928,"O","P","0","0"
"0",30,23350,28924,"O","P","1","1"
"0",25,26379,0,"F","V","1","0"
"0",50,35616,0,"U","V","1","0"
"0",28,0,0,"U","W","1","1"
"0",25,15000,0,"P","V","1","0"
"2",68,0,0,"O","E","1","1"
"2",35,17016,46464,"O","P","1","1"
"2",31,17889,0,"O","V","1","1"
"0",21,0,0,"P","T","1","0"
"2",40,58352,24800,"O","V","1","0"
"0",21,17528,0,"P","P","1","0"
"2",45,39000,0,"N","E","1","0"
"2",49,62900,0,"O","P","1","0"
"0",25,0,0,"F","M","0","0"
"0",29,18000,0,"F","P","1","0"
"0",33,61992,39392,"O","P","1","0"
"0",38,58100,8928,"O","P","1","0"
"0",29,12480,0,"P","P","1","1"
"0",28,23600,0,"F","E","1","0"
"0",26,20920,0,"P","P","1","0"
"2",32,22856,0,"O","P","1","0"
"0",42,8652,0,"F","P","0","0"
"2",41,23344,0,"O","P","1","0"
"0",82,0,0,"U","R","1","1"
"0",44,51360,22400,"O","P","0","1"
"0",32,21004,0,"F","V","1","0"
"1",26,23964,14000,"O","V","1","0"
"0",26,52500,0,"P","P","1","0"
"1",70,60256,0,"O","R","1","1"
"4",55,13400,36992,"O","E","1","0"
"0",68,0,14460,"O","R","1","1"
"0",29,16204,38464,"O","E","1","0"
"5",38,37424,0,"U","V","1","0"
"3",34,31660,0,"O","P","1","1"
"0",30,44868,10464,"O","E","1","0"
"0",70,0,0,"N","R","1","1"
"0",24,5046,0,"P","T","1","0"
